{"_wandb": {"runtime": 4}, "global_step": 0, "_timestamp": 1696869493.815295, "_runtime": 4.666933059692383, "_step": 0}