{"_wandb": {"runtime": 3}, "global_step": 0, "_timestamp": 1696919698.4473999, "_runtime": 3.93398380279541, "_step": 0}