{"_wandb": {"runtime": 29}, "global_step": 1, "_timestamp": 1696869667.9123929, "timesteps across all envs": 12800.0, "_runtime": 4.570876836776733, "_step": 0}